Date,Action,Signal,Price,Shares,Fee,Cash,Portfolio_Value,PnL
2021-05-14,BUY,Buy,127.44999694824219,78.38368175133789,10.0,0.0,9990.0,0.0
2021-05-28,SELL,Sell,124.61000061035156,78.38368175133789,9.767390630875818,9757.623240244942,9757.623240244942,-242.37675975505772
2021-06-08,BUY,Buy,126.73999786376953,76.91230693788158,9.757623240244943,0.0,9747.865617004698,0.0
2021-07-20,SELL,Sell,146.14999389648438,76.91230693788158,11.240733189535925,11229.49245634639,11229.49245634639,1471.8692161014478
2021-08-31,BUY,Strong Buy,151.8300018310547,73.8869974879728,11.22949245634639,0.0,11218.262963890043,0.0
2021-09-10,SELL,Sell,148.97000122070312,73.8869974879728,11.006946105977399,10995.939159871421,10995.939159871421,-233.5532964749691
2021-10-14,BUY,Buy,143.75999450683594,76.41168364255331,10.995939159871421,0.0,10984.94322071155,0.0
2021-11-10,SELL,Sell,147.9199981689453,76.41168364255331,11.302816104492514,11291.513288388021,11291.513288388021,295.57412851660047
2021-11-17,BUY,Strong Buy,153.49000549316406,73.49157190304497,11.291513288388021,0.0,11280.221775099635,0.0
2021-12-17,SELL,Sell,171.13999938964844,73.49157190304497,12.57734757063142,12564.770223060788,12564.770223060788,1273.2569346727669
2022-02-01,BUY,Buy,174.61000061035156,71.88709357402972,12.564770223060789,0.0,12552.205452837728,0.0
2022-02-17,SELL,Sell,168.8800048828125,71.88709357402972,12.140292713793338,12128.152421079545,12128.152421079545,-436.61780198124325
2022-03-18,BUY,Buy,163.97999572753906,73.88720932027492,12.128152421079545,0.0,12116.024268658466,0.0
2022-04-08,SELL,Sell,170.08999633789062,73.88720932027492,12.56747516270252,12554.907687539817,12554.907687539817,426.75526646027174
2022-05-27,BUY,Buy,149.63999938964844,83.81684597039575,12.554907687539817,0.0,12542.352779852277,0.0
2022-06-13,SELL,Strong Sell,131.8800048828125,83.81684597039575,11.053766055837734,11042.712289781895,11042.712289781895,-1512.1953977579215
2022-06-23,BUY,Buy,138.27000427246094,79.7835339308605,11.042712289781896,0.0,11031.669577492114,0.0
2022-08-22,SELL,Sell,167.57000732421875,79.7835339308605,13.36932736514635,13355.958037781204,13355.958037781204,2313.245747999308
2022-10-17,BUY,Buy,142.41000366210938,93.69146644642248,13.355958037781203,0.0,13342.602079743423,0.0
2022-11-04,SELL,Strong Sell,138.3800048828125,93.69146644642248,12.965025584333807,12952.060558749474,12952.060558749474,-403.89747903172974
2022-11-11,BUY,Buy,149.6999969482422,86.43359226429602,12.952060558749475,0.0,12939.108498190724,0.0
2022-11-28,SELL,Sell,144.22000122070312,86.43359226429602,12.465452781866528,12452.987329084663,12452.987329084663,-499.07322966481115
2023-01-09,BUY,Buy,130.14999389648438,95.58613081188645,12.452987329084664,0.0,12440.534341755578,0.0
2023-02-21,SELL,Sell,148.47999572753906,95.58613081188645,14.192628294560889,14178.435666266329,14178.435666266329,1725.448337181666
2023-03-16,BUY,Strong Buy,155.85000610351562,90.88390552382884,14.17843566626633,0.0,14164.257230600062,0.0
2023-04-11,SELL,Sell,160.8000030517578,90.88390552382884,14.614132285587345,14599.518153301759,14599.518153301759,421.08248703542995
2023-04-19,BUY,Strong Buy,167.6300048828125,87.00661104999993,14.599518153301759,0.0,14584.918635148457,0.0
2023-05-04,SELL,Sell,165.7899932861328,87.00661104999993,14.424825461828657,14410.400636366829,14410.400636366829,-189.11751693492988
2023-05-05,BUY,Strong Buy,173.57000732421875,82.94054057876245,14.410400636366829,0.0,14395.990235730462,0.0
2023-07-10,SELL,Sell,188.61000061035156,82.94054057876245,15.643415409183275,15627.771993774091,15627.771993774091,1217.3713574072626
2023-08-25,BUY,Buy,178.61000061035156,87.40912697178221,15.627771993774092,0.0,15612.144221780318,0.0
2023-09-07,SELL,Sell,177.55999755859375,87.40912697178221,15.520364371708462,15504.844007336753,15504.844007336753,-122.9279864373384
2023-10-04,BUY,Buy,173.66000366210938,89.19347481684416,15.504844007336754,0.0,15489.339163329418,0.0
2023-10-20,SELL,Strong Sell,172.8800048828125,89.19347481684416,15.419768361851034,15404.348593489181,15404.348593489181,-100.4954138475714
2023-11-02,BUY,Buy,177.57000732421875,86.66409646983664,15.404348593489182,0.0,15388.944244895692,0.0
2023-11-30,SELL,Sell,189.9499969482422,86.66409646983664,16.461844859967634,16445.383015107665,16445.383015107665,1041.034421618484
2023-12-08,BUY,Buy,195.7100067138672,83.94531229111891,16.445383015107666,0.0,16428.93763209256,0.0
2024-01-02,SELL,Sell,185.63999938964844,83.94531229111891,15.583607722487162,15568.024114764676,15568.024114764676,-877.3589003429897
2024-01-19,BUY,Buy,191.55999755859375,81.18843333088255,15.568024114764675,0.0,15552.456090649912,0.0
2024-01-31,SELL,Sell,184.39999389648438,81.18843333088255,14.97114661067987,14956.17546406919,14956.17546406919,-611.848650695485
2024-03-18,BUY,Buy,173.72000122070312,86.00747860704308,14.95617546406919,0.0,14941.219288605122,0.0
2024-04-19,SELL,Strong Sell,165.0,86.00747860704308,14.19123397016211,14177.042736191946,14177.042736191946,-779.1327278772442
2024-04-25,BUY,Buy,169.88999938964844,83.36491697179153,14.177042736191947,0.0,14162.865693455755,0.0
2024-05-29,SELL,Sell,190.2899932861328,83.36491697179153,15.86350949086123,15847.64598137037,15847.64598137037,1670.603245178423
2024-06-05,BUY,Buy,195.8699951171875,80.82809378698845,15.84764598137037,0.0,15831.798335389,0.0
2024-06-10,SELL,Sell,193.1199951171875,80.82809378698845,15.609521077474783,15593.911556397308,15593.911556397308,-253.73442497306132
2024-06-11,BUY,Buy,207.14999389648438,75.20308039509575,15.593911556397309,0.0,15578.317644840909,0.0
2024-06-25,SELL,Sell,209.07000732421875,75.20308039509575,15.722708569006482,15706.985860437475,15706.985860437475,113.07430404016668
2024-07-02,BUY,Buy,220.27000427246094,71.23656680538244,15.706985860437475,0.0,15691.27887457704,0.0
2024-07-18,SELL,Sell,224.17999267578125,71.23656680538244,15.969813024678437,15953.843211653759,15953.843211653759,246.85735121628386
2024-08-02,BUY,Buy,219.86000061035156,72.49108216227172,15.953843211653759,0.0,15937.889368442107,0.0
2024-08-05,SELL,Sell,209.27000427246094,72.49108216227172,15.170209073813922,15155.038864740107,15155.038864740107,-798.8043469136519
2024-08-15,BUY,Strong Buy,224.72000122070312,67.37221317031816,15.155038864740106,0.0,15139.883825875368,0.0
2024-09-04,SELL,Sell,220.85000610351562,67.37221317031816,14.879153689872123,14864.27453618225,14864.27453618225,-290.76432855785606
2024-09-20,BUY,Buy,228.1999969482422,65.07191262151527,14.86427453618225,0.0,14849.410261646066,0.0
2024-10-07,SELL,Sell,221.69000244140625,65.07191262151527,14.425792467930695,14411.366675462763,14411.366675462763,-452.90786071948787
2024-10-10,BUY,Strong Buy,229.0399932861328,62.85782278556748,14.411366675462764,0.0,14396.955308787301,0.0
2024-10-25,SELL,Sell,231.41000366210938,62.85782278556748,14.545929001000392,14531.383071999391,14531.383071999391,120.01639653662824
2024-11-19,BUY,Buy,228.27999877929688,63.592306669680745,14.531383071999391,0.0,14516.851688927392,0.0
2024-12-30,SELL,Sell,252.1999969482422,63.592306669680745,16.037979548025167,16021.94156847714,16021.94156847714,1490.5584964777481
2025-01-29,BUY,Buy,239.36000061035156,66.86965067720031,16.02194156847714,0.0,16005.919626908662,0.0
2025-03-03,SELL,Sell,238.02999877929688,66.86965067720031,15.916982869065999,15901.065886196931,15901.065886196931,-120.87568228020791
2025-03-25,BUY,Buy,223.75,70.9951500349083,15.901065886196932,0.0,15885.164820310734,0.0
2025-04-03,SELL,Strong Sell,203.19000244140625,70.9951500349083,14.425504708921022,14411.079204212101,14411.079204212101,-1489.9866819848303
2025-04-15,BUY,Buy,202.13999938964844,71.22127321894679,14.4110792042121,0.0,14396.66812500789,0.0
2025-05-08,SELL,Strong Sell,197.49000549316406,71.22127321894679,14.06548963923994,14051.4241496007,14051.4241496007,-359.6550546114013
2025-05-12,BUY,Buy,210.7899932861328,66.59411344255008,14.0514241496007,0.0,14037.3727254511,0.0
2025-05-22,SELL,Strong Sell,201.36000061035156,66.59411344255008,13.409390723437706,13395.981332714267,13395.981332714267,-655.4428168864324
2025-06-06,BUY,Strong Buy,203.9199981689453,65.6266451135128,13.395981332714268,0.0,13382.585351381553,0.0
2025-06-11,SELL,Strong Sell,198.77999877929688,65.6266451135128,13.045264435553424,13032.21917111787,13032.21917111787,-363.7621615963981
2025-06-23,BUY,Buy,201.5,64.61134963745286,13.03221917111787,0.0,13019.186951946751,0.0
2025-07-29,SELL,Sell,211.27000427246094,64.61134963745286,13.650440113954133,13636.78967384018,13636.78967384018,604.5705027223103
2025-08-06,BUY,Buy,213.25,63.883483630322814,13.63678967384018,0.0,13623.15288416634,0.0
2025-08-25,SELL,Sell,227.16000366210938,63.883483630322814,14.511772375412434,14497.260603037023,14497.260603037023,860.4709291968429
2025-09-03,BUY,Strong Buy,238.47000122070312,60.73201353754446,14.497260603037024,0.0,14482.763342433986,0.0
2025-09-10,SELL,Sell,226.7899932861328,60.73201353754446,13.773412942433035,13759.639529490601,13759.639529490601,-737.621073546421
2025-09-19,BUY,Strong Buy,245.5,55.99136411389454,13.759639529490602,0.0,13745.87988996111,0.0
2025-11-07,SELL,Sell,268.4700012207031,55.99136411389454,15.032001592006102,15016.969590414095,15016.969590414095,1257.3300609234939
2025-11-28,BUY,Strong Buy,278.8500061035156,53.79936271277902,15.016969590414096,0.0,15001.952620823682,0.0
2025-12-08,SELL,Sell,277.8900146484375,53.79936271277902,14.950305692330765,14935.355386638434,14935.355386638434,-81.61420377566174
2026-01-28,BUY,Buy,256.44000244140625,58.18288835284561,14.935355386638435,0.0,14920.420031251795,0.0
2026-02-13,SELL,Sell,255.77999877929688,58.18288835284561,14.882019111866816,14867.137092754949,14867.137092754949,-68.21829388348488
2026-02-23,BUY,Buy,266.17999267578125,55.79784493327003,14.867137092754948,0.0,14852.269955662194,0.0
2026-03-02,SELL,Sell,264.7200012207031,55.79784493327003,14.770805578847845,14756.034773268997,14756.034773268997,-111.10231948595174
2026-03-31,BUY,Buy,253.7899932861328,58.08455466514722,14.756034773268997,0.0,14741.278738495728,0.0
